"from","to"
"RAYTHEON COMPANY","1"
"RAYTHEON COMPANY","2"
"RAYTHEON COMPANY","3"
"RAYTHEON COMPANY","4"
"RAYTHEON COMPANY","5"
"RAYTHEON COMPANY","6"
"RAYTHEON COMPANY","7"
"RAYTHEON COMPANY","8"
"RAYTHEON COMPANY","9"
"RAYTHEON COMPANY","10"
"RAYTHEON COMPANY","11"
"RAYTHEON COMPANY","12"
"RAYTHEON COMPANY","13"
"RAYTHEON COMPANY","14"
"RAYTHEON COMPANY","15"
"RAYTHEON COMPANY","16"
"RAYTHEON COMPANY","17"
"RAYTHEON COMPANY","18"
"RAYTHEON COMPANY","19"
"RAYTHEON COMPANY","20"
"RAYTHEON COMPANY","22"
"RAYTHEON COMPANY","23"
"RAYTHEON COMPANY","24"
"RAYTHEON COMPANY","25"
"RAYTHEON COMPANY","26"
"RAYTHEON COMPANY","27"
"RAYTHEON COMPANY","28"
"RAYTHEON COMPANY","29"
"RAYTHEON COMPANY","30"
"RAYTHEON COMPANY","31"
"RAYTHEON COMPANY","32"
"RAYTHEON COMPANY","33"
"RAYTHEON COMPANY","34"
"RAYTHEON COMPANY","35"
"RAYTHEON COMPANY","36"
"RAYTHEON COMPANY","37"
"RAYTHEON COMPANY","39"
"RAYTHEON COMPANY","40"
"RAYTHEON COMPANY","41"
"RAYTHEON COMPANY","42"
"RAYTHEON COMPANY","45"
"RAYTHEON COMPANY","49"
"RAYTHEON COMPANY","50"
"RAYTHEON COMPANY","61"
"RAYTHEON COMPANY","62"
"RAYTHEON COMPANY","64"
"RAYTHEON COMPANY","65"
"RAYTHEON COMPANY","66"
"RAYTHEON COMPANY","71"
"RAYTHEON COMPANY","73"
"RAYTHEON COMPANY","82"
"RAYTHEON COMPANY","84"
"RAYTHEON COMPANY","85"
"RAYTHEON COMPANY","89"
"RAYTHEON COMPANY","100"
"RAYTHEON COMPANY","101"
"RAYTHEON COMPANY","102"
"RAYTHEON COMPANY","103"
"RAYTHEON COMPANY","109"
"RAYTHEON COMPANY","112"
"RAYTHEON COMPANY","113"
"RAYTHEON COMPANY","114"
"RAYTHEON COMPANY","121"
"RAYTHEON COMPANY","133"
"RAYTHEON COMPANY","183"
"RAYTHEON COMPANY","186"
"RAYTHEON COMPANY","187"
"RAYTHEON COMPANY","190"
"RAYTHEON COMPANY","197"
"RAYTHEON COMPANY","199"
"RAYTHEON COMPANY","202"
"RAYTHEON COMPANY","207"
"RAYTHEON COMPANY","208"
"RAYTHEON COMPANY","218"
"RAYTHEON COMPANY","219"
"RAYTHEON COMPANY","220"
"RAYTHEON COMPANY","226"
"RAYTHEON COMPANY","238"
"RAYTHEON COMPANY","242"
"RAYTHEON COMPANY","243"
"RAYTHEON COMPANY","257"
"RAYTHEON COMPANY","262"
"RAYTHEON COMPANY","268"
"RAYTHEON COMPANY","269"
"RAYTHEON COMPANY","284"
"RAYTHEON COMPANY","285"
"RAYTHEON COMPANY","293"
"RAYTHEON COMPANY","304"
"RAYTHEON COMPANY","317"
"1","ALLIANT TECHSYSTEMS OPERATIONS LLC"
"2","ALLIANT TECHSYSTEMS OPERATIONS LLC"
"3","ALLIANT TECHSYSTEMS OPERATIONS LLC"
"4","ALLIANT TECHSYSTEMS OPERATIONS LLC"
"5","ALLIANT TECHSYSTEMS OPERATIONS LLC"
"6","ALLIANT TECHSYSTEMS OPERATIONS LLC"
"7","ALLIANT TECHSYSTEMS OPERATIONS LLC"
"8","ALLIANT TECHSYSTEMS OPERATIONS LLC"
"9","ALLIANT TECHSYSTEMS OPERATIONS LLC"
"10","ALLIANT TECHSYSTEMS OPERATIONS LLC"
"11","ALLIANT TECHSYSTEMS OPERATIONS LLC"
"12","ALLIANT TECHSYSTEMS OPERATIONS LLC"
"13","ALLIANT TECHSYSTEMS OPERATIONS LLC"
"14","ALLIANT TECHSYSTEMS OPERATIONS LLC"
"15","ALLIANT TECHSYSTEMS OPERATIONS LLC"
"16","ORBITAL SCIENCES LLC"
"17","ORBITAL SCIENCES CORPORATION"
"18","ALLIANT TECHSYSTEMS OPERATIONS LLC"
"19","ORBITAL SCIENCES CORPORATION"
"20","ORBITAL SCIENCES LLC"
"22","ENSIGN-BICKFORD AEROSPACE & DEFENSE COMPANY"
"23","ENSIGN-BICKFORD AEROSPACE & DEFENSE COMPANY"
"24","ENSIGN-BICKFORD AEROSPACE & DEFENSE COMPANY"
"25","ALLIANT TECHSYSTEMS OPERATIONS LLC"
"26","ALLIANT TECHSYSTEMS OPERATIONS LLC"
"27","AEROJET ROCKETDYNE, INC."
"28","DUCOMMUN LABARGE TECHNOLOGIES, INC."
"29","AEROJET ROCKETDYNE, INC."
"30","AEROJET ROCKETDYNE, INC."
"31","ENSIGN-BICKFORD AEROSPACE & DEFENSE COMPANY"
"32","TRI MODELS, INC."
"33","PACIFIC SCIENTIFIC ENERGETIC MATERIALS COMPANY (CALIFORNIA) LLC"
"34","PACIFIC SCIENTIFIC ENERGETIC MATERIALS COMPANY (CALIFORNIA) LLC"
"35","PACIFIC SCIENTIFIC ENERGETIC MATERIALS COMPANY (CALIFORNIA) LLC"
"36","PACIFIC SCIENTIFIC ENERGETIC MATERIALS COMPANY (CALIFORNIA) LLC"
"37","PACIFIC SCIENTIFIC ENERGETIC MATERIALS COMPANY (CALIFORNIA) LLC"
"39","TRI MODELS, INC."
"40","TRI MODELS, INC."
"41","DUCOMMUN LABARGE TECHNOLOGIES, INC."
"42","PACIFIC SCIENTIFIC ENERGETIC MATERIALS COMPANY (CALIFORNIA) LLC"
"45","PACIFIC SCIENTIFIC ENERGETIC MATERIALS COMPANY (CALIFORNIA) LLC"
"49","TRI MODELS, INC."
"50","ORBITAL SCIENCES CORPORATION"
"61","DUCOMMUN LABARGE TECHNOLOGIES, INC."
"62","ALLIANT TECHSYSTEMS OPERATIONS LLC"
"64","DUCOMMUN LABARGE TECHNOLOGIES, INC."
"65","ENSIGN-BICKFORD AEROSPACE & DEFENSE COMPANY"
"66","PACIFIC SCIENTIFIC ENERGETIC MATERIALS COMPANY (CALIFORNIA) LLC"
"71","PACIFIC SCIENTIFIC ENERGETIC MATERIALS COMPANY (CALIFORNIA) LLC"
"73","TRI MODELS, INC."
"82","ORBITAL SCIENCES CORPORATION"
"84","PACIFIC SCIENTIFIC ENERGETIC MATERIALS COMPANY (CALIFORNIA) LLC"
"85","PACIFIC SCIENTIFIC ENERGETIC MATERIALS COMPANY (CALIFORNIA) LLC"
"89","ENSIGN-BICKFORD AEROSPACE & DEFENSE COMPANY"
"100","PACIFIC SCIENTIFIC ENERGETIC MATERIALS COMPANY (CALIFORNIA) LLC"
"101","PACIFIC SCIENTIFIC ENERGETIC MATERIALS COMPANY (CALIFORNIA) LLC"
"102","PACIFIC SCIENTIFIC ENERGETIC MATERIALS COMPANY (CALIFORNIA) LLC"
"103","ENSIGN-BICKFORD AEROSPACE & DEFENSE COMPANY"
"109","ALLIANT TECHSYSTEMS OPERATIONS LLC"
"112","ALLIANT TECHSYSTEMS OPERATIONS LLC"
"113","ALLIANT TECHSYSTEMS OPERATIONS LLC"
"114","PACIFIC SCIENTIFIC ENERGETIC MATERIALS COMPANY (CALIFORNIA) LLC"
"121","DUCOMMUN LABARGE TECHNOLOGIES, INC."
"133","PACIFIC SCIENTIFIC ENERGETIC MATERIALS COMPANY (CALIFORNIA) LLC"
"183","DUCOMMUN LABARGE TECHNOLOGIES, INC."
"186","TRI MODELS, INC."
"187","TRI MODELS, INC."
"190","TRI MODELS, INC."
"197","ALLIANT TECHSYSTEMS OPERATIONS LLC"
"199","ALLIANT TECHSYSTEMS OPERATIONS LLC"
"202","ALLIANT TECHSYSTEMS OPERATIONS LLC"
"207","DUCOMMUN LABARGE TECHNOLOGIES, INC."
"208","DUCOMMUN LABARGE TECHNOLOGIES, INC."
"218","DUCOMMUN LABARGE TECHNOLOGIES, INC."
"219","DUCOMMUN LABARGE TECHNOLOGIES, INC."
"220","DUCOMMUN LABARGE TECHNOLOGIES, INC."
"226","TRI MODELS, INC."
"238","DUCOMMUN LABARGE TECHNOLOGIES, INC."
"242","DUCOMMUN LABARGE TECHNOLOGIES, INC."
"243","DUCOMMUN LABARGE TECHNOLOGIES, INC."
"257","DUCOMMUN LABARGE TECHNOLOGIES, INC."
"262","TRI MODELS, INC."
"268","DUCOMMUN LABARGE TECHNOLOGIES, INC."
"269","DUCOMMUN LABARGE TECHNOLOGIES, INC."
"284","DUCOMMUN LABARGE TECHNOLOGIES, INC."
"285","DUCOMMUN LABARGE TECHNOLOGIES, INC."
"293","DUCOMMUN LABARGE TECHNOLOGIES, INC."
"304","DUCOMMUN LABARGE TECHNOLOGIES, INC."
"317","DUCOMMUN LABARGE TECHNOLOGIES, INC."
